{
  "kind": "collectionType",
  "collectionName": "speeches",
  "info": {
    "singularName": "speech",
    "pluralName": "speeches",
    "displayName": "Speech",
    "description": ""
  },
  "options": {
    "draftAndPublish": true
  },
  "pluginOptions": {},
  "attributes": {
    "debate_section": {
      "type": "string"
    },
    "debate_title": {
      "type": "string"
    },
    "debate_date": {
      "type": "date"
    },
    "speaker": {
      "type": "string"
    },
    "content": {
      "type": "text"
    },
    "jsonid": {
      "type": "integer",
      "required": true,
      "unique": true
    }
  }
}
