[
  {
    "id": 1,
    "name": "ΑΝΑΣΤΑΣΙΟΣ ΝΙΚΟΠΟΥΛΟΣ",
    "wikidata_id": "-",
    "source_file": "01021994.doc_tei.xml"
  },
  {
    "id": 2,
    "name": "ΟΡΕΣΤΗΣ ΚΟΛΟΖΩΦ",
    "wikidata_id": "https://www.wikidata.org/wiki/Q16328371",
    "source_file": "01021994.doc_tei.xml"
  },
  {
    "id": 3,
    "name": "ΝΙΚΗΤΑΣ ΒΕΝΙΖΕΛΟΣ",
    "wikidata_id": "https://www.wikidata.org/wiki/Q12881714",
    "source_file": "01021994.doc_tei.xml"
  },
  {
    "id": 4,
    "name": "ΠΟΛΛΟΙ ΒΟΥΛΕΥΤΕΣ",
    "wikidata_id": "-",
    "source_file": "01021994.doc_tei.xml"
  },
  {
    "id": 5,
    "name": "ΣΠΥΡΙΔΩΝ ΣΤΙΦΤΑΡΗΣ",
    "wikidata_id": "https://www.wikidata.org/wiki/Q7581781",
    "source_file": "01021994.doc_tei.xml"
  },
  {
    "id": 6,
    "name": "ΟΛΟΙ ΟΙ ΒΟΥΛΕΥΤΕΣ",
    "wikidata_id": "-",
    "source_file": "01021994.doc_tei.xml"
  },
  {
    "id": 7,
    "name": "ΔΗΜΗΤΡΙΟΣ ΓΑΙΤΑΝΙΔΗΣ",
    "wikidata_id": "-",
    "source_file": "01021994.doc_tei.xml"
  },
  {
    "id": 8,
    "name": "ΣΠΥΡΙΔΩΝ ΣΤΡΙΦΤΑΡΗΣ",
    "wikidata_id": "https://www.wikidata.org/wiki/Q107989997",
    "source_file": "01021994.doc_tei.xml"
  },
  {
    "id": 9,
    "name": "ΔΗΜΗΤΡΙΟΣ ΣΙΟΥΦΑΣ",
    "wikidata_id": "https://www.wikidata.org/wiki/Q451135",
    "source_file": "01021994.doc_tei.xml"
  },
  {
    "id": 10,
    "name": "ΙΩΑΝΝΗΣ ΠΑΠΑΣΠΥΡΟΥ",
    "wikidata_id": "https://www.wikidata.org/wiki/Q1671929",
    "source_file": "01021994.doc_tei.xml"
  },
  {
    "id": 11,
    "name": "ΑΝΤΩΝΗΣ ΣΚΥΛΛΑΚΟΣ",
    "wikidata_id": "-",
    "source_file": "01021994.doc_tei.xml"
  },
  {
    "id": 12,
    "name": "ΑΛΕΞΑΝΔΡΟΣ ΠΑΠΑΔΟΠΟΥΛΟΣ",
    "wikidata_id": "https://www.wikidata.org/wiki/Q12880991",
    "source_file": "01021994.doc_tei.xml"
  },
  {
    "id": 13,
    "name": "ΑΝΔΡΕΑΣ ΛΕΝΤΑΚΗΣ",
    "wikidata_id": "https://www.wikidata.org/wiki/Q12873648",
    "source_file": "01021994.doc_tei.xml"
  },
  {
    "id": 14,
    "name": "ΜΑΡΙΕΤΑ ΓΙΑΝΝΑΚΟΥ ΚΟΥΤΣΙΚΟΥ",
    "wikidata_id": "https://www.wikidata.org/wiki/Q3293913",
    "source_file": "01021994.doc_tei.xml"
  },
  {
    "id": 15,
    "name": "ΚΥΡΙΑΚΟΣ ΣΠΥΡΙΟΥΝΗΣ",
    "wikidata_id": "https://www.wikidata.org/wiki/Q19984128",
    "source_file": "01021994.doc_tei.xml"
  },
  {
    "id": 16,
    "name": "ΣΤΡΑΤΗΣ ΚΟΡΑΚΑΣ",
    "wikidata_id": "https://www.wikidata.org/wiki/Q9251526",
    "source_file": "01021994.doc_tei.xml"
  },
  {
    "id": 17,
    "name": "ΑΠΟΣΤΟΛΟΣ ΚΑΚΛΑΜΑΝΗΣ",
    "wikidata_id": "https://www.wikidata.org/wiki/Q539860",
    "source_file": "01021994.doc_tei.xml"
  },
  {
    "id": 18,
    "name": "ΠΑΝΑΓΙΩΤΗΣ Ν. ΚΡΗΤΙΚΟΣ",
    "wikidata_id": "-",
    "source_file": "01021994.doc_tei.xml"
  },
  {
    "id": 19,
    "name": "ΣΠΥΡΟΣ ΚΑΛΟΥΔΗΣ",
    "wikidata_id": "-",
    "source_file": "01031994.doc_tei.xml"
  },
  {
    "id": 20,
    "name": "ΔΗΜΗΤΡΙΟΣ ΚΡΕΜΑΣΤΙΝΟΣ",
    "wikidata_id": "https://www.wikidata.org/wiki/Q19635577",
    "source_file": "01031994.doc_tei.xml"
  },
  {
    "id": 21,
    "name": "ΝΙΚΟΛΑΟΣ ΦΑΡΜΑΚΗΣ",
    "wikidata_id": "-",
    "source_file": "01031994.doc_tei.xml"
  },
  {
    "id": 22,
    "name": "ΣΤΑΥΡΟΣ ΣΟΥΜΑΚΗΣ",
    "wikidata_id": "https://www.wikidata.org/wiki/Q58091",
    "source_file": "01031994.doc_tei.xml"
  },
  {
    "id": 23,
    "name": "ΠΑΥΣΑΝΙΑΣ ΖΑΚΟΛΙΚΟΣ",
    "wikidata_id": "-",
    "source_file": "01031994.doc_tei.xml"
  },
  {
    "id": 24,
    "name": "ΓΕΩΡΓΙΟΣ ΔΑΣΚΑΛΑΚΗΣ",
    "wikidata_id": "https://www.wikidata.org/wiki/Q18572849",
    "source_file": "01031994.doc_tei.xml"
  },
  {
    "id": 25,
    "name": "ΝΙΚΟΛΑΟΣ ΚΑΤΣΑΡΟΣ",
    "wikidata_id": "https://www.wikidata.org/wiki/Q58619135",
    "source_file": "01031994.doc_tei.xml"
  },
  {
    "id": 26,
    "name": "ΑΠΟΣΤΟΛΟΣ ΑΘΑΝΑΣΙΟΣ ΤΣΟΧΑΤΖΟΠΟΥΛΟΣ",
    "wikidata_id": "https://www.wikidata.org/wiki/Q620468",
    "source_file": "01031994.doc_tei.xml"
  },
  {
    "id": 27,
    "name": "ΑΠΟΣΤΟΛΟΣ ΑΘΑΝΑΣΙΟΣ ΤΣΟΧΑΤΖΟΠΟΥΛΟΣ",
    "wikidata_id": "https://www.wikidata.org/wiki/Q620468",
    "source_file": "01031994.doc_tei.xml"
  },
  {
    "id": 28,
    "name": "ΓΕΩΡΓΙΟΣ ΤΖΙΤΖΙΚΩΣΤΑΣ",
    "wikidata_id": "https://www.wikidata.org/wiki/Q14865188",
    "source_file": "01031994.doc_tei.xml"
  },
  {
    "id": 29,
    "name": "ΜΕΡΙΚΟΙ ΒΟΥΛΕΥΤΕΣ",
    "wikidata_id": "-",
    "source_file": "01031994.doc_tei.xml"
  },
  {
    "id": 30,
    "name": "ΙΩΑΝΝΗΣ ΚΕΦΑΛΟΓΙΑΝΝΗΣ",
    "wikidata_id": "https://www.wikidata.org/wiki/Q20995445",
    "source_file": "01031994.doc_tei.xml"
  },
  {
    "id": 31,
    "name": "ΕΘΝΙΚΗΣ ΠΑΙΔΕΙΑΣ ΚΑΙ ΘΡΗΣΚΕΥΜΑΤΩΝ ΔΗΜΟΣΙΑΣ ΤΑΞΗΣ",
    "wikidata_id": "-",
    "source_file": "01031994.doc_tei.xml"
  },
  {
    "id": 32,
    "name": "ΓΡΗΓΟΡΗΣ ΝΙΩΤΗΣ",
    "wikidata_id": "-",
    "source_file": "01031994.doc_tei.xml"
  },
  {
    "id": 33,
    "name": "ΒΑΣΙΛΗΣ ΚΕΔΙΚΟΓΛΟΥ",
    "wikidata_id": "https://www.wikidata.org/wiki/Q16328542",
    "source_file": "01041994.doc_tei.xml"
  },
  {
    "id": 34,
    "name": "ΦΛΩΡΟΣ ΚΩΝΣΤΑΝΤΙΝΟΥ",
    "wikidata_id": "https://www.wikidata.org/wiki/Q19941948",
    "source_file": "01041994.doc_tei.xml"
  },
  {
    "id": 35,
    "name": "ΕΛΕΝΗ ΣΤΕΦΑΝΟΥ",
    "wikidata_id": "https://www.wikidata.org/wiki/Q67254765",
    "source_file": "01041994.doc_tei.xml"
  },
  {
    "id": 36,
    "name": "ΧΡΗΣΤΟΣ ΚΟΣΚΙΝΑΣ",
    "wikidata_id": "https://www.wikidata.org/wiki/Q6433229",
    "source_file": "01041994.doc_tei.xml"
  },
  {
    "id": 37,
    "name": "ΗΛΙΑΣ ΒΕΖΔΡΕΒΑΝΗΣ",
    "wikidata_id": "https://www.wikidata.org/wiki/Q56378120",
    "source_file": "01041994.doc_tei.xml"
  },
  {
    "id": 38,
    "name": "ΙΩΑΝΝΗΣ ΣΤΑΘΟΠΟΥΛΟΣ",
    "wikidata_id": "https://www.wikidata.org/wiki/Q38362574",
    "source_file": "01041994.doc_tei.xml"
  },
  {
    "id": 39,
    "name": "ΓΕΩΡΓΙΟΣ ΡΩΜΑΙΟΣ",
    "wikidata_id": "https://www.wikidata.org/wiki/Q16332858",
    "source_file": "01041994.doc_tei.xml"
  },
  {
    "id": 40,
    "name": "ΝΙΚΗΤΑΣ ΚΑΚΛΑΜΑΝΗΣ",
    "wikidata_id": "https://www.wikidata.org/wiki/Q701055",
    "source_file": "01041994.doc_tei.xml"
  },
  {
    "id": 41,
    "name": "ΓΕΡΑΣΙΜΟΣ ΑΡΑΒΑΝΗΣ",
    "wikidata_id": "-",
    "source_file": "01041994.doc_tei.xml"
  },
  {
    "id": 42,
    "name": "ΦΩΤΕΙΝΗ ΣΤΕΦΑΝΟΠΟΥΛΟΥ",
    "wikidata_id": "https://www.wikidata.org/wiki/Q12885910",
    "source_file": "01041994.doc_tei.xml"
  },
  {
    "id": 43,
    "name": "ΝΙΚΟΛΑΟΣ ΚΥΡΙΑΖΙΔΗΣ",
    "wikidata_id": "https://www.wikidata.org/wiki/Q84207274",
    "source_file": "01041994.doc_tei.xml"
  },
  {
    "id": 44,
    "name": "ΘΕΟΔΩΡΟΣ ΠΑΓΚΑΛΟΣ",
    "wikidata_id": "https://www.wikidata.org/wiki/Q515693",
    "source_file": "01041994.doc_tei.xml"
  },
  {
    "id": 45,
    "name": "ΙΩΑΝΝΗΣ ΣΟΥΛΑΔΑΚΗΣ",
    "wikidata_id": "https://www.wikidata.org/wiki/Q11713629",
    "source_file": "01041994.doc_tei.xml"
  },
  {
    "id": 46,
    "name": "ΑΝΑΣΤΑΣΙΟΣ ΚΡΙΚΕΛΗΣ",
    "wikidata_id": "https://www.wikidata.org/wiki/Q24683236",
    "source_file": "01071994.doc_tei.xml"
  },
  {
    "id": 47,
    "name": "ΧΡΗΣΤΟΣ ΠΑΧΤΑΣ",
    "wikidata_id": "https://www.wikidata.org/wiki/Q4846569",
    "source_file": "01071994.doc_tei.xml"
  },
  {
    "id": 48,
    "name": "ΓΕΩΡΓΙΟΣ ΚΟΥΒΕΛΑΚΗΣ",
    "wikidata_id": "-",
    "source_file": "01071994.doc_tei.xml"
  },
  {
    "id": 49,
    "name": "ΔΗΜΗΤΡΙΟΣ Β. ΚΩΣΤΟΠΟΥΛΟΣ",
    "wikidata_id": "https://www.wikidata.org/wiki/Q110135772",
    "source_file": "01071994.doc_tei.xml"
  },
  {
    "id": 50,
    "name": "ΠΑΝΑΓΙΩΤΗΣ ΧΑΤΖΗΝΙΚΟΛΑΟΥ",
    "wikidata_id": "https://www.wikidata.org/wiki/Q23759516",
    "source_file": "01071994.doc_tei.xml"
  },
  {
    "id": 51,
    "name": "ΕΥΑΓΓΕΛΟΣ ΚΟΥΡΤΙΔΗΣ",
    "wikidata_id": "https://www.wikidata.org/wiki/Q14930385",
    "source_file": "01071994.doc_tei.xml"
  },
  {
    "id": 52,
    "name": "ΑΛΕΞΑΝΔΡΟΣ ΜΠΑΛΤΑΣ",
    "wikidata_id": "https://www.wikidata.org/wiki/Q9147276",
    "source_file": "01071994.doc_tei.xml"
  },
  {
    "id": 53,
    "name": "ΙΩΑΝΝΗΣ ΚΑΒΑΡΑΤΖΗΣ",
    "wikidata_id": "-",
    "source_file": "01071994.doc_tei.xml"
  },
  {
    "id": 54,
    "name": "ΝΙΚΟΛΑΟΣ ΠΑΠΑΦΙΛΙΠΠΟΥ",
    "wikidata_id": "-",
    "source_file": "01071994.doc_tei.xml"
  },
  {
    "id": 55,
    "name": "ΠΑΣΧΑΛΗΣ ΚΩΝΣΤΑΝΤΙΝΙΔΗΣ",
    "wikidata_id": "https://www.wikidata.org/wiki/Q14948214",
    "source_file": "01071994.doc_tei.xml"
  },
  {
    "id": 56,
    "name": "ΒΑΣΙΛΕΙΟΣ ΚΕΔΙΚΟΓΛΟΥ",
    "wikidata_id": "https://www.wikidata.org/wiki/Q16328542",
    "source_file": "01071994.doc_tei.xml"
  },
  {
    "id": 57,
    "name": "ΒΑΣΙΛΕΙΟΣ ΒΑΣΙΛΑΚΑΚΗΣ",
    "wikidata_id": "https://www.wikidata.org/wiki/Q7916956",
    "source_file": "01091994.doc_tei.xml"
  },
  {
    "id": 58,
    "name": "ΓΕΩΡΓΙΟΣ ΑΝΩΜΕΡΙΤΗΣ",
    "wikidata_id": "https://www.wikidata.org/wiki/Q12875303",
    "source_file": "01091994.doc_tei.xml"
  },
  {
    "id": 59,
    "name": "ΚΩΝΣΤΑΝΤΙΝΟΣ ΧΑΤΖΗΔΗΜΗΤΡΙΟΥ",
    "wikidata_id": "-",
    "source_file": "01091994.doc_tei.xml"
  },
  {
    "id": 60,
    "name": "ΑΛΕΞΑΝΔΡΟΣ ΔΕΣΥΛΛΑΣ",
    "wikidata_id": "-",
    "source_file": "01091994.doc_tei.xml"
  },
  {
    "id": 61,
    "name": "ΙΩΣΗΦ ΜΙΧΕΛΟΓΙΑΝΝΗΣ",
    "wikidata_id": "https://www.wikidata.org/wiki/Q61083056",
    "source_file": "01091994.doc_tei.xml"
  },
  {
    "id": 62,
    "name": "ΑΝΑΣΤΑΣΙΟΣ ΓΚΟΝΗΣ",
    "wikidata_id": "-",
    "source_file": "01091994.doc_tei.xml"
  },
  {
    "id": 63,
    "name": "ΑΠΟΣΤΟΛΟΣ ΦΩΤΙΑΔΗΣ",
    "wikidata_id": "https://www.wikidata.org/wiki/Q97577563",
    "source_file": "01091994.doc_tei.xml"
  },
  {
    "id": 64,
    "name": "ΔΗΜΗΤΡΙΟΣ ΑΛΑΜΠΑΝΟΣ",
    "wikidata_id": "https://www.wikidata.org/wiki/Q19941933",
    "source_file": "01091994.doc_tei.xml"
  },
  {
    "id": 65,
    "name": "ΓΕΩΡΓΙΟΣ ΠΑΝΑΓΙΩΤΟΠΟΥΛΟΣ",
    "wikidata_id": "https://www.wikidata.org/wiki/Q16512494",
    "source_file": "01091994.doc_tei.xml"
  },
  {
    "id": 66,
    "name": "ΑΘΑΝΑΣΙΟΣ ΜΙΚΡΟΥΤΣΙΚΟΣ",
    "wikidata_id": "https://www.wikidata.org/wiki/Q4755550",
    "source_file": "01091994.doc_tei.xml"
  },
  {
    "id": 67,
    "name": "ΓΕΩΡΓΙΟΣ ΛΙΑΝΗΣ",
    "wikidata_id": "https://www.wikidata.org/wiki/Q17759773",
    "source_file": "01091994.doc_tei.xml"
  },
  {
    "id": 68,
    "name": "ΚΩΝΣΤΑΝΤΙΝΟΣ ΠΥΛΑΡΙΝΟΣ",
    "wikidata_id": "-",
    "source_file": "01091994.doc_tei.xml"
  },
  {
    "id": 69,
    "name": "ΔΗΜΗΤΡΗΣ ΓΕΩΡΓΑΚΟΠΟΥΛΟΣ",
    "wikidata_id": "-",
    "source_file": "01091994.doc_tei.xml"
  },
  {
    "id": 70,
    "name": "ΧΡΗΣΤΟΣ ΡΟΚΟΦΥΛΛΟΣ",
    "wikidata_id": "https://www.wikidata.org/wiki/Q19726138",
    "source_file": "01091994.doc_tei.xml"
  },
  {
    "id": 71,
    "name": "ΘΕΟΔΩΡΟΣ ΠΑΣΣΑΛΙΔΗΣ",
    "wikidata_id": "-",
    "source_file": "01121993.doc_tei.xml"
  },
  {
    "id": 72,
    "name": "ΔΗΜΗΤΡΗΣ ΣΑΡΡΗΣ",
    "wikidata_id": "-",
    "source_file": "01121993.doc_tei.xml"
  },
  {
    "id": 73,
    "name": "ΙΩΑΝΝΗΣ ΧΑΡΑΛΑΜΠΟΠΟΥΛΟΣ",
    "wikidata_id": "https://www.wikidata.org/wiki/Q701080",
    "source_file": "01121993.doc_tei.xml"
  },
  {
    "id": 74,
    "name": "ΝΙΚΟΛΑΟΣ ΓΚΕΛΕΣΤΑΘΗΣ",
    "wikidata_id": "https://www.wikidata.org/wiki/Q19688846",
    "source_file": "01121993.doc_tei.xml"
  },
  {
    "id": 75,
    "name": "ΑΘΑΝΑΣΙΟΣ ΤΣΑΛΔΑΡΗΣ",
    "wikidata_id": "https://www.wikidata.org/wiki/Q12873121",
    "source_file": "01121993.doc_tei.xml"
  },
  {
    "id": 76,
    "name": "ΓΕΡΑΣΙΜΟΣ ΑΡΣΕΝΗΣ",
    "wikidata_id": "https://www.wikidata.org/wiki/Q701060",
    "source_file": "01121993.doc_tei.xml"
  },
  {
    "id": 77,
    "name": "ΙΩΑΝΝΗΣ ΒΑΡΒΙΤΣΙΩΤΗΣ",
    "wikidata_id": "https://www.wikidata.org/wiki/Q1428443",
    "source_file": "01121993.doc_tei.xml"
  },
  {
    "id": 78,
    "name": "ΚΩΝΣΤΑΝΤΙΝΟΣ ΜΠΑΝΤΟΥΒΑΣ",
    "wikidata_id": "-",
    "source_file": "01121993.doc_tei.xml"
  },
  {
    "id": 79,
    "name": "ΟΡΕΣΤΗΣ ΠΑΠΑΣΤΡΑΤΗΣ",
    "wikidata_id": "https://www.wikidata.org/wiki/Q19800967",
    "source_file": "01121993.doc_tei.xml"
  },
  {
    "id": 80,
    "name": "ΓΙΑΝΝΗΣ ΧΑΡΑΛΑΜΠΟΠΟΥΛΟΣ",
    "wikidata_id": "https://www.wikidata.org/wiki/Q701080",
    "source_file": "01121993.doc_tei.xml"
  },
  {
    "id": 81,
    "name": "ΑΛΕΞΑΝΔΡΟΣ ΠΑΠΑΔΟΓΓΟΝΑΣ",
    "wikidata_id": "https://www.wikidata.org/wiki/Q12873321",
    "source_file": "01121993.doc_tei.xml"
  },
  {
    "id": 82,
    "name": "ΜΟΣΧΟΣ ΓΙΚΟΝΟΓΛΟΥ",
    "wikidata_id": "-",
    "source_file": "01121993.doc_tei.xml"
  },
  {
    "id": 83,
    "name": "ΙΩΑΝΝΗΣ ΔΡΟΣΟΓΙΑΝΝΗΣ",
    "wikidata_id": "https://www.wikidata.org/wiki/Q15634772",
    "source_file": "01121993.doc_tei.xml"
  },
  {
    "id": 84,
    "name": "ΝΙΚΟΛΑΟΣ ΚΟΥΡΗΣ",
    "wikidata_id": "https://www.wikidata.org/wiki/Q61715453",
    "source_file": "01121993.doc_tei.xml"
  },
  {
    "id": 85,
    "name": "ΔΗΜΗΤΡΙΟΣ ΒΟΥΝΑΤΣΟΣ",
    "wikidata_id": "https://www.wikidata.org/wiki/Q5277619",
    "source_file": "01121993.doc_tei.xml"
  },
  {
    "id": 86,
    "name": "ΣΠΗΛΙΟΣ ΣΠΗΛΙΩΤΟΠΟΥΛΟΣ",
    "wikidata_id": "https://www.wikidata.org/wiki/Q3564648",
    "source_file": "01121993.doc_tei.xml"
  },
  {
    "id": 87,
    "name": "ΚΩΝΣΤΑΝΤΙΝΟΣ ΜΕΛΙΔΗΣ",
    "wikidata_id": "-",
    "source_file": "01121993.doc_tei.xml"
  },
  {
    "id": 88,
    "name": "ΠΑΝΑΓΙΩΤΗΣ Ν. ΤΙΚΟΣ",
    "wikidata_id": "https://www.wikidata.org/wiki/Q65273421",
    "source_file": "01121993.doc_tei.xml"
  },
  {
    "id": 89,
    "name": "ΝΙΚΟΛΑΟΣ ΑΘΑΝΑΣΟΠΟΥΛΟΣ",
    "wikidata_id": "https://www.wikidata.org/wiki/Q16329980",
    "source_file": "01121993.doc_tei.xml"
  },
  {
    "id": 90,
    "name": "ΔΗΜΗΤΡΙΟΣ ΣΑΡΡΗΣ",
    "wikidata_id": "-",
    "source_file": "01121993.doc_tei.xml"
  },
  {
    "id": 91,
    "name": "ΓΙΩΡΓΟΣ ΚΑΤΣΙΦΑΡΑΣ",
    "wikidata_id": "https://www.wikidata.org/wiki/Q1509420",
    "source_file": "01121993.doc_tei.xml"
  },
  {
    "id": 92,
    "name": "ΘΕΟΔΩΡΟΣ ΣΤΑΘΗΣ",
    "wikidata_id": "-",
    "source_file": "01121993.doc_tei.xml"
  },
  {
    "id": 93,
    "name": "ΕΥΣΤΡΑΤΙΟΣ ΚΟΡΑΚΑΣ",
    "wikidata_id": "https://www.wikidata.org/wiki/Q9251526",
    "source_file": "01121993.doc_tei.xml"
  },
  {
    "id": 94,
    "name": "ΑΠΟΣΤΟΛΟΣ ΑΝΔΡΕΟΥΛΑΚΟΣ",
    "wikidata_id": "-",
    "source_file": "01121993.doc_tei.xml"
  },
  {
    "id": 95,
    "name": "ΠΑΝΑΓΙΩΤΗΣ ΣΓΟΥΡΙΔΗΣ",
    "wikidata_id": "https://www.wikidata.org/wiki/Q19629739",
    "source_file": "01121993.doc_tei.xml"
  },
  {
    "id": 96,
    "name": "ΑΝΤΩΝΙΟΣ ΝΤΕΝΤΙΔΑΚΗΣ",
    "wikidata_id": "https://www.wikidata.org/wiki/Q12873815",
    "source_file": "01121993.doc_tei.xml"
  },
  {
    "id": 97,
    "name": "ΑΝΤΩΝΙΟΣ ΔΡΟΣΟΓΙΑΝΝΗΣ",
    "wikidata_id": "https://www.wikidata.org/wiki/Q15634772",
    "source_file": "01121993.doc_tei.xml"
  }
]