{
  "kind": "collectionType",
  "collectionName": "sessions",
  "info": {
    "singularName": "session",
    "pluralName": "sessions",
    "displayName": "Session",
    "description": ""
  },
  "options": {
    "draftAndPublish": true
  },
  "pluginOptions": {},
  "attributes": {
    "Tittle": {
      "type": "string",
      "required": true
    },
    "Date": {
      "type": "date",
      "required": true
    },
    "Description": {
      "type": "string"
    },
    "speeches": {
      "type": "relation",
      "relation": "oneToMany",
      "target": "api::speech.speech"
    }
  }
}
